model,test_f1_micro,test_f1_macro,test_precision_micro,test_recall_micro,test_subset_accuracy,test_f1_micro_std,test_f1_macro_std,test_precision_micro_std,test_recall_micro_std,test_subset_accuracy_std
linear_svc,0.07743269915226816,0.015029581529581526,0.7942857142857143,0.041209464224811074,0.0,0.03464218054469951,0.006966574439344044,0.13449831195359793,0.018956196872401902,0.0
complement_nb,0.034334419653467625,0.007394179894179893,0.95,0.017623272498553152,0.0,0.017507136014741503,0.0039947089947089945,0.09999999999999999,0.009257658610823245,0.0
logreg_ovr,0.0,0.0,0.0,0.0,0.0,0.0,0.0,0.0,0.0,0.0
logreg_chain,0.0,0.0,0.0,0.0,0.0,0.0,0.0,0.0,0.0,0.0
