decade,source,electricity_twh,population,per_capita_mwh
1960,total,30499.965743027202,3127393830.0,9.75251835904121
